,filename
0,hexagonal/hexagonal0_90.csv
1,hexagonal/hexagonal0_91.csv
2,hexagonal/hexagonal0_92.csv
3,hexagonal/hexagonal0_93.csv
4,hexagonal/hexagonal0_94.csv
5,hexagonal/hexagonal0_95.csv
6,hexagonal/hexagonal0_96.csv
7,hexagonal/hexagonal0_97.csv
8,hexagonal/hexagonal0_98.csv
9,hexagonal/hexagonal0_99.csv
10,hexagonal/hexagonal0_910.csv
11,hexagonal/hexagonal0_911.csv
12,hexagonal/hexagonal0_912.csv
13,hexagonal/hexagonal0_913.csv
14,hexagonal/hexagonal0_914.csv
15,hexagonal/hexagonal0_915.csv
16,hexagonal/hexagonal0_80.csv
17,hexagonal/hexagonal0_81.csv
18,hexagonal/hexagonal0_82.csv
19,hexagonal/hexagonal0_83.csv
20,hexagonal/hexagonal0_84.csv
21,hexagonal/hexagonal0_85.csv
22,hexagonal/hexagonal0_86.csv
23,hexagonal/hexagonal0_87.csv
24,hexagonal/hexagonal0_88.csv
25,hexagonal/hexagonal0_89.csv
26,hexagonal/hexagonal0_810.csv
27,hexagonal/hexagonal0_811.csv
28,hexagonal/hexagonal0_812.csv
29,hexagonal/hexagonal0_813.csv
30,hexagonal/hexagonal0_814.csv
31,hexagonal/hexagonal0_815.csv
32,hexagonal/hexagonal0_70.csv
33,hexagonal/hexagonal0_71.csv
34,hexagonal/hexagonal0_72.csv
35,hexagonal/hexagonal0_73.csv
36,hexagonal/hexagonal0_74.csv
37,hexagonal/hexagonal0_75.csv
38,hexagonal/hexagonal0_76.csv
39,hexagonal/hexagonal0_77.csv
40,hexagonal/hexagonal0_78.csv
41,hexagonal/hexagonal0_79.csv
42,hexagonal/hexagonal0_710.csv
43,hexagonal/hexagonal0_711.csv
44,hexagonal/hexagonal0_712.csv
45,hexagonal/hexagonal0_713.csv
46,hexagonal/hexagonal0_714.csv
47,hexagonal/hexagonal0_715.csv
48,hexagonal/hexagonal0_60.csv
49,hexagonal/hexagonal0_61.csv
50,hexagonal/hexagonal0_62.csv
51,hexagonal/hexagonal0_63.csv
52,hexagonal/hexagonal0_64.csv
53,hexagonal/hexagonal0_65.csv
54,hexagonal/hexagonal0_66.csv
55,hexagonal/hexagonal0_67.csv
56,hexagonal/hexagonal0_68.csv
57,hexagonal/hexagonal0_69.csv
58,hexagonal/hexagonal0_610.csv
59,hexagonal/hexagonal0_611.csv
60,hexagonal/hexagonal0_612.csv
61,hexagonal/hexagonal0_613.csv
62,hexagonal/hexagonal0_614.csv
63,hexagonal/hexagonal0_615.csv
64,hexagonal/hexagonal0_50.csv
65,hexagonal/hexagonal0_51.csv
66,hexagonal/hexagonal0_52.csv
67,hexagonal/hexagonal0_53.csv
68,hexagonal/hexagonal0_54.csv
69,hexagonal/hexagonal0_55.csv
70,hexagonal/hexagonal0_56.csv
71,hexagonal/hexagonal0_57.csv
72,hexagonal/hexagonal0_58.csv
73,hexagonal/hexagonal0_59.csv
74,hexagonal/hexagonal0_510.csv
75,hexagonal/hexagonal0_511.csv
76,hexagonal/hexagonal0_512.csv
77,hexagonal/hexagonal0_513.csv
78,hexagonal/hexagonal0_514.csv
79,hexagonal/hexagonal0_515.csv
80,hexagonal/hexagonal0_40.csv
81,hexagonal/hexagonal0_41.csv
82,hexagonal/hexagonal0_42.csv
83,hexagonal/hexagonal0_43.csv
84,hexagonal/hexagonal0_44.csv
85,hexagonal/hexagonal0_45.csv
86,hexagonal/hexagonal0_46.csv
87,hexagonal/hexagonal0_47.csv
88,hexagonal/hexagonal0_48.csv
89,hexagonal/hexagonal0_49.csv
90,hexagonal/hexagonal0_410.csv
91,hexagonal/hexagonal0_411.csv
92,hexagonal/hexagonal0_412.csv
93,hexagonal/hexagonal0_413.csv
94,hexagonal/hexagonal0_414.csv
95,hexagonal/hexagonal0_415.csv
96,hexagonal/hexagonal0_30.csv
97,hexagonal/hexagonal0_31.csv
98,hexagonal/hexagonal0_32.csv
99,hexagonal/hexagonal0_33.csv
100,hexagonal/hexagonal0_34.csv
101,hexagonal/hexagonal0_35.csv
102,hexagonal/hexagonal0_36.csv
103,hexagonal/hexagonal0_37.csv
104,hexagonal/hexagonal0_38.csv
105,hexagonal/hexagonal0_39.csv
106,hexagonal/hexagonal0_310.csv
107,hexagonal/hexagonal0_311.csv
108,hexagonal/hexagonal0_312.csv
109,hexagonal/hexagonal0_313.csv
110,hexagonal/hexagonal0_314.csv
111,hexagonal/hexagonal0_315.csv
112,hexagonal/hexagonal0_20.csv
113,hexagonal/hexagonal0_21.csv
114,hexagonal/hexagonal0_22.csv
115,hexagonal/hexagonal0_23.csv
116,hexagonal/hexagonal0_24.csv
117,hexagonal/hexagonal0_25.csv
118,hexagonal/hexagonal0_26.csv
119,hexagonal/hexagonal0_27.csv
120,hexagonal/hexagonal0_28.csv
121,hexagonal/hexagonal0_29.csv
122,hexagonal/hexagonal0_210.csv
123,hexagonal/hexagonal0_211.csv
124,hexagonal/hexagonal0_212.csv
125,hexagonal/hexagonal0_213.csv
126,hexagonal/hexagonal0_214.csv
127,hexagonal/hexagonal0_215.csv
128,hexagonal/hexagonal0_10.csv
129,hexagonal/hexagonal0_11.csv
130,hexagonal/hexagonal0_12.csv
131,hexagonal/hexagonal0_13.csv
132,hexagonal/hexagonal0_14.csv
133,hexagonal/hexagonal0_15.csv
134,hexagonal/hexagonal0_16.csv
135,hexagonal/hexagonal0_17.csv
136,hexagonal/hexagonal0_18.csv
137,hexagonal/hexagonal0_19.csv
138,hexagonal/hexagonal0_110.csv
139,hexagonal/hexagonal0_111.csv
140,hexagonal/hexagonal0_112.csv
141,hexagonal/hexagonal0_113.csv
142,hexagonal/hexagonal0_114.csv
143,hexagonal/hexagonal0_115.csv
144,hexagonal/hexagonal0_00.csv
145,hexagonal/hexagonal0_01.csv
146,hexagonal/hexagonal0_02.csv
147,hexagonal/hexagonal0_03.csv
148,hexagonal/hexagonal0_04.csv
149,hexagonal/hexagonal0_05.csv
150,hexagonal/hexagonal0_06.csv
151,hexagonal/hexagonal0_07.csv
152,hexagonal/hexagonal0_08.csv
153,hexagonal/hexagonal0_09.csv
154,hexagonal/hexagonal0_010.csv
155,hexagonal/hexagonal0_011.csv
156,hexagonal/hexagonal0_012.csv
157,hexagonal/hexagonal0_013.csv
158,hexagonal/hexagonal0_014.csv
159,hexagonal/hexagonal0_015.csv
